arapuah;arapuah2;campinash;campinast;capitolioh1;capitolioq1;capitolioq2;capitolioq3;indianapolis01;itapevi10;itapevi11;itapevi12;itapevi4;itapevi5;itapevi6;itapevi7;itapevi8;itapevi9;ituh;mage;mageh;piraporah;recreio;toronto;torontoq1;itaperuna1;itaperuna02;rincao01;rincao02;rincao03;cajamar01;cajamar02;cajamar03;cajamar04;cajamar05;cajamar06;cajamar07;cajamar08;cajamarwin;sumarel01;houstond;itapevi1;itapevi2;itapevi3;itaperuna03;indianapolis02;